{
  "project_info": {
    "project_number": "719745251884",
    "firebase_url": "https://ondocha-2ce69-default-rtdb.firebaseio.com",
    "project_id": "ondocha-2ce69",
    "storage_bucket": "ondocha-2ce69.appspot.com"
  },
  "client": [
    {
      "client_info": {
        "mobilesdk_app_id": "1:719745251884:android:247994ddd12bc488f86f89",
        "android_client_info": {
          "package_name": "com.ondocha.ondochaApp"
        }
      },
      "oauth_client": [
        {
          "client_id": "719745251884-vb4mh1qcuut7cgh31h91f1b3ptvuaqf8.apps.googleusercontent.com",
          "client_type": 3
        }
      ],
      "api_key": [
        {
          "current_key": "AIzaSyD6I8h3aLzwq8rCt-QF2GKleAVBUWIahfc"
        }
      ],
      "services": {
        "appinvite_service": {
          "other_platform_oauth_client": [
            {
              "client_id": "719745251884-vb4mh1qcuut7cgh31h91f1b3ptvuaqf8.apps.googleusercontent.com",
              "client_type": 3
            }
          ]
        }
      }
    }
  ],
  "configuration_version": "1"
}